Model,ROC_AUC,PR_AUC
Logistic Regression,0.9605494455801453,0.7413820992780461
Random Forest,0.952908497036969,0.8541999432510914
XGBoost,0.9831831121587633,0.7270272453656311
