Model,ROC_AUC,PR_AUC
XGBoost_tuned,0.9826264671597394,0.8078718776429568
LightGBM_tuned,0.9790299877688836,0.8268762611419187
